{
    "hood.up": {
      "sounds": [
        "suit/hood_up"
      ],
      "category": "player"
    },
    "lightning.charge": {
      "sounds": [
        "suit/black_lightning_charge"
      ],
      "category": "player"
    },
    "lightning.fire": {
      "sounds": [
        "suit/black_lightning_fire"
      ],
      "category": "player"
    },
    "lightning.stop": {
      "sounds": [
        "suit/black_lightning_stop"
      ],
      "category": "player"
    },
    "lightning.shield": {
      "sounds": [
        "suit/black_lightning_shield"
      ],
      "category": "player"
    },
    "lightning.grab": {
      "sounds": [
        "suit/black_lightning_grab"
      ],
      "category": "player"
    },
    "lightning.grab.loop": {
      "sounds": [
        "suit/black_lightning_grab_loop"
      ],
      "category": "player"
    },
    "lightning.camo": {
      "sounds": [
        "suit/black_lightning_camo_enable"
      ],
      "category": "player"
    },
    "lightning.camo.stop": {
      "sounds": [
        "suit/black_lightning_camo_disable"
      ],
      "category": "player"
    },
    "lightning.goggles": {
      "sounds": [
        "suit/black_lightning_goggles"
      ],
      "category": "player"
    },
    "frost.charge": {
      "sounds": [
        "suit/frost_blast_charge"
      ],
      "category": "player"
    },
    "frost.fire": {
      "sounds": [
        "suit/frost_blast_fire"
      ],
      "category": "player"
    },
    "sosi": {
      "sounds": [
        "suit/sosi"
      ],
      "category": "player"
    },
    "mc": {
      "sounds": [
        "suit/mc"
      ],
      "category": "player"
    },
    "nevan": {
      "sounds": [
        "suit/nevan"
      ],
      "category": "player"
    },
    "spit": {
      "sounds": [
        "suit/spit"
      ],
      "category": "player"
    },
    "power": {
      "sounds": [
        "suit/power"
      ],
      "category": "player"
    },
    "frost.stop": {
      "sounds": [
        "suit/frost_blast_stop"
      ],
      "category": "player"
    },
    "frost.blade.enable": {
      "sounds": [
        "suit/frost_blade_enable"
      ],
      "category": "player"
    },
    "frost.blade.disable": {
        "sounds": [
          "suit/frost_blade_disable"
        ],
        "category": "player"
      },
    "frost.cryo.enable": {
      "sounds": [
        "suit/cryoball_enable"
      ],
      "category": "player"
    },
    "frost.cryo.fire": {
      "sounds": [
        "suit/cryoball"
      ],
      "category": "player"
    },
    "tile.enchant": {
      "sounds": [
        "suit/reload3"
      ],
      "category": "player"
    },
    "ahuel": {
      "sounds": [
        "suit/ahuel"
      ],
      "category": "player"
    },
    "lets": {
      "sounds": [
        "suit/lets"
      ],
      "category": "player"
    }
}